Federal and state motor fuels taxes[1]  ;;;;;;;;;;;
;                                        Gasoline   ;;;;;                                              Diesel;;;;;
;             Excise;                 LUST Fee ;;         Total;;              Excise;                 LUST Fee ;;        Total;;Notes
Federal;US$0,183;US$0,001;;US$0,184;;US$0,243;US$0,001;;US$0,244;;Leaking Underground Storage Tank (LUST) fee: $0.001/gal. 
;;;;;;;;;;;
;                                        Gasoline   ;;;;;                                              Diesel;;;;;
;State tax;Other taxes & Fees[2]   ;Total State;State & Federal;;State tax;Other taxes & Fees[2]   ;Total State;State & Federal;;Notes
Average state tax ;US$0,2174;US$0,0516;US$0,2689;US$0,4529;;US$0,226;US$0,0508;US$0,2768;US$0,5208;;
Alabama[4] ;0,16;0,03;0,19;0,374;;0,19;0,0175;0,2075;0,4515;;Inspection Fee (applies to all gasoline): $0.02/gal. The Inspection Fee only applies to diesel fuel that is not subject to excise.  Storage Tank Trust Fund Charge: $0.01/gal.  Wholesale Oil License fee: $0.0075/gal on diesel fuel only.  LOTs arithmetic average = $0.0185/gal. No sales tax when excise is paid.  
Alaska;0,08;;0,08;0,264;;0,08;;0,08;0,324;;
Arizona  ;0,18;0,01;0,19;0,374;;0,18;0,01;0,19;0,434;;"""Use Class motor vehicle"" diesel rate = $0.26/gal; Storage Tank tax: $0.01/gal."
Arkansas[3];0,215;0,003;0,218;0,402;;0,225;0,003;0,228;0,472;;"Border Zone rates may apply (state excise rate will not be more than $0.01/gal higher than the adjoining state's rate.  See A.C.A. § 26-55-210 for details); Environmental Assurance fee: $0.003/gal."
California[3][4]  ;0,36;0,0866;0,4466;0,6306;;0,11;0,2915;0,4015;0,6455;;"2.25% state sales tax on gasoline, 9.42% state sales tax on diesel (prepaid rates for these sales taxes: gasoline $0.065/gal; diesel $0.27/gal).  Additional District sales taxes may apply.  State Underground Storage Tank fee (all products): $0.02/gal. Oil Spill Prevention and Administration Fee (all products): $0.065 per barrel ($0.00155/gal).  "
Colorado ;0,22;0,0125;0,2325;0,4165;;0,205;0,0125;0,2175;0,4615;;Environmental Response Surcharge (ERS Fee): $100 per tanker load (8000 gallons) or $0.0125/gal on all motor fuels. 
Connecticut[3]  ;0,25;;0,25;0,434;;0,545;;0,545;0,789;;Petroleum Products Gross Earnings tax (PPGET): 8.1% on first sale of all products in the state.  PPGET does not apply to products to be used as heating fuels or bunker fuels.  
Delaware ;0,23;;0,23;0,414;;0,22;;0,22;0,464;;DE Hazardous Substance: 0.9% tax on gross receipts from the sales of petroleum or petroleum products.  
District of Columbia  ;0,235;;0,235;0,419;;0,235;;0,235;0,479;;
Florida[3][4]  ;0,04;0,2659;0,3059;0,4899;;0,04;0,2967;0,3367;0,5807;;"The listed gasoline rate does not include additional local option taxes above the statewide minimum of $0.05/gal.  See http://dor.myflorida.com/dor/tips/pdf/14b05-01_chart.pdf for more information.  Environmental taxes and other fees: Coastal Protection tax $0.00048/gal; Water Quality tax $0.0012/gal; Inland Protection tax  $0.019/gal; Petroleum Inspection fee $0.00125/gal on gasoline, kerosene and No. 1 fuel oil. Total of these additional taxes and fees: $0.02193/gal for gasoline, $0.02068/gal for diesel. "
Georgia[3][4]  ;0,075;0,123;0,198;0,382;;0,075;0,148;0,223;0,467;;"Other taxes apply: a 3% Second Motor Fuel Tax, and a 1% Sales and Use Tax for a combined rate of 4%. These taxes are applied on a pre-paid, cents-per-gallon basis.  The rates are calculated semi-annually (adjustment of the prepaid state rates suspended for the period beginning 7/1/14; rates frozen at 1/1/14 levels. This freeze does not apply to Prepaid Local Tax (i.e., the local 1% sales and use tax)).  The mandatory prepaid rates for the 4% State S&U tax are: $0.118/gal for gasoline, $0.138/gal for diesel. Georgia Underground Storage Tank (GUST) fee on petro products: $0.005/gal.  The average retail price used for the Prepaid Local Tax will change as of 4/1/15. "
Hawaii[3][4]  ;0,17;0,025;0,195;0,379;;0,17;0,025;0,195;0,439;;"In addition to State rates: Honolulu: $0.165/gal; Maui: $0.160/gal; Hawaii: $0.088/gal; Kauai: $0.170/gal.  Environmental Response Tax $0.025/gal. "
Idaho ;0,25;0,01;0,26;0,444;;0,25;0,01;0,26;0,504;;Petroleum Transfer Fee (all fuels): $0.01/gal. 
Illinois[3][4]  ;0,19;0,201;0,391;0,575;;0,215;0,201;0,416;0,66;;"""Part B"", mandatory prepaid sales tax, aka ""Tax Prepayment by Motor Fuel Retailers""  (sales tax is 6.25%): $0.19/gal for gasoline and diesel. For gasohol and biodiesel (1 to 10% blends), the prepaid rate is $0.15/gal.  Underground Storage Tank tax: $0.003/gal; Environmental Impact Fee: $0.008/gal.  "
Indiana[3]  ;0,18;0,162;0,342;0,526;;0,16;0,01;0,17;0,414;;The Gasoline Use Tax (formerly the prepaid sales tax) is considered the equivalent of the 7 percent sales tax that would be collected by a retail merchant and replaces the obligation of the retail merchant to collect the sales tax on the sale of gasoline. The Gasoline Use Tax is calculated on a monthly basis (see Departmental Notices for new rates). The rate is $0.152/gal as of 1/1/15.   A 7% sales tax applies at the pump to retail, on-highway use diesel before state and federal excise taxes are applied. Oil Inspection fee: $0.01/gal.  
Iowa[3]  ;0,21;0,01;0,22;0,404;;0,225;0,01;0,235;0,479;;Rates will increase on March 1, 2015.  Rate for ethanol-blended gasoline: $0.19/gal.  Environmental Protection Charge: $0.01/gal on petroleum products.
Kansas ;0,24;0,0103;0,2503;0,4343;;0,26;0,0103;0,2703;0,5143;;Environmental Assurance Fee: $0.01/gal. Petroleum Product Inspection Fee: 0.015 cents per barrel (bbl = 50 gals) or $0.0003/gal.
Kentucky ;0,262;0,014;0,276;0,46;;0,232;0,014;0,246;0,490;;Petroleum Storage Tank Environmental Assurance Fee: $0.014/gal.  Rates are calculated quarterly on the average wholesale price of fuel.  
Louisiana ;0,2;0,0093;0,2093;0,3933;;0,2;0,0093;0,2093;0,4533;;State Inspection fee (applies to all petroleum products): $0.00125/gal. Motor Fuels Underground Storage Tank Trust Fund fee applies to gasoline, No. 1 diesel, No. 2 diesel, kerosene, and all aviation fuels (not to LPG): $72 per 9000 gallon load ($0.008/gal).
Maine ;0,3;0,014;0,314;0,498;;0,312;0,0066;0,3186;0,5626;;"Maine Coastal and Inland Surface Oil Clean-up Fund fee: $0.03 per barrel ($0.0007/gal) for all crude oil and refined oil, including #6 fuel oil, #2 fuel oil, kerosene, gasoline, jet fuel, diesel fuel and liquid asphalt.  Ground Water Oil Clean-up Fund fees: $0.56 per barrel ($0.0133/gal) of gasoline; $0.25 per barrel ($0.0059/gal) of refined petroleum products and their by-products (other than gasoline and #6 fuel oil), including #2 fuel oil, kerosene, jet fuel and diesel fuel; and $0.04 per barrel of #6 fuel oil.   Petroleum Marketing Fund Fee: $0.40 per 10,000 gallons of home heating oil and motor fuel oil.  "
Maryland ;0,243;0,0618;0,3048;0,4888;;0,2505;0,0618;0,3123;0,5563;;CPI component $0.008/gal as of 1/1/15, Sales and Use Tax Equivalent rate (SUTE) component $0.06/gal as of 1/1/15. Oil transfer Fee: $0.0775 cents per barrel ($0.0018/gal) of oil transferred into the State.
Massachusetts;0,24;0,0264;0,2664;0,4504;;0,24;0,0264;0,2664;0,5104;;Underground Storage Tank Petroleum Product Cleanup Fund Delivery fee: $253.95 per 10k load ($0.025395/gal). Underground Storage Tank fee: $250 per year, per tank. Uniform Oil Response + Prevention fee: 5.0 ¢/barrel ($0.001/gal), all products.
Michigan[3] ;0,19;0,1648;0,3548;0,5388;;0,15;0,2238;0,3738;0,6178;;"The January 2015 Prepaid Sales Tax Rates on Fuels:  gasoline $0.156/gal; diesel fuel $0.215/gal. NOTE: The prepaid sales tax rates are now calculated each month, see Revenue Administrative Bulletins (RABs).  Environmental protection regulatory fee: $0.00875/gal all products. "
Minnesota ;0,285;0,001;0,286;0,47;;0,285;0,001;0,286;0,53;;Petroleum Tank Release Cleanup Fee (not currently in effect, last active period 4/1/14-7/31/14: $20 per 1,000 gallons ($0.02/gal)). Inspection fee: $1 for every 1,000 gallons received ($0.001/gal).
Mississippi[4] ;0,18;0,004;0,184;0,368;;0,18;0,004;0,184;0,428;;Seawall Tax: $0.03/gal (gasoline only) in effect in Harrison, Hancock, and Jackson Counties.  Environmental Protection Fee: $0.004/gal.  Underground Storage Tank fee: $100 per tank per year.
Missouri[4] ;0,17;0,003;0,173;0,357;;0,17;0,003;0,1730;0,417;;"Petroleum Inspection fee:  $0.025 per 50 gallons ($0.0005/gal); Transport Load Fee $20.00 per 8,000 gallons ($0.0025/gal)."
Montana[4] ;0,27;0,0075;0,2775;0,4615;;0,2775;0,0075;0,285;0,529;;Petroleum Storage Tank Cleanup fee : $0.0075/gal on gasoline, diesel and fuel oil, aviation gasoline, and (non-military use) jet fuel. 
Nebraska ;0,256;0,009;0,265;0,449;;0,256;0,003;0,259;0,503;;"Petroleum Release Remedial Action fee: gasoline, gasohol, aviation gasoline, ethanol: $0.009/gal; diesel, jet fuel, all others products: $0.003/gal."
Nevada[4] ;0,23;0,0081;0,2381;0,4221;;0,27;0,0075;0,2775;0,5215;;"Additional county and local option taxes on motor fuels add $0.05 to $0.10/gal to the State rate. (County mandatory: $0.01/gal, County Option: $0.04-$0.9/gal). Petroleum Products Inspection Fee: $0.00055/gal on gasoline; Clean-up Fee on gasoline, No. 1 and No. 2 distillates: $0.0075/gal."
New Hampshire ;0,222;0,0163;0,2383;0,4223;;0,222;0,0163;0,2383;0,4823;;Oil Discharge and Disposal Cleanup Fund fee: $0.015/gal on gasoline and diesel fuels, excluding heating fuels.  Oil Pollution Control Fund fee: $0.00125/gal on all petroleum products except LPG and natural gas. 
New Jersey[3] ;0,105;0,0405;0,1455;0,3295;;0,135;0,0405;0,1755;0,4195;;"Petroleum Products Gross Receipts Tax (""County Gasoline Tax""): $0.04/gal.  Spill Compensation and Control Act: 2.3 cents per barrel ($0.0005/gal) on all petroleum products."
New Mexico ;0,17;0,0188;0,1888;0,3728;;0,21;0,0188;0,2288;0,4728;;Petroleum Products Loading fee: $150 per 8000 gallon load on gasoline and special fuels ($0.01875/gal).  LOTS allowed, not in effect.
New York[3][4] ;0,08;0,2614;0,3414;0,5254;;0,08;0,2434;0,3234;0,5674;;"Petroleum Business Tax (13-A) - requires annual adjustment (gasoline $0.178/gal, diesel $0.1605/gal).  Petroleum Testing Fee (gasoline): $0.0005/gal.  Additional sales taxes apply: State Sales Tax: $0.08/gal ($0.0875/gal in the Metropolitan Commuter Transportation District (MCTD)); local sales taxes also apply (some counties levy this in a cents-per-gallon manner.)  Prepaid Sales Tax rates (see Publication 790, ""Chart for Prepayment of Sales Tax on Motor Fuels'): $0.175/gal, $0.21/gal, $0.16/gal for Regions 1, 2, 3, respectively.   Oil Spill Prevention, Control, and Compensation License fee: 0.08 cents per barrel plus a surcharge of $0.0425 cents per barrel, all petroleum products ($0.0029/gal)."
North Carolina ;0,175;0,2025;0,3775;0,5615;;0,175;0,2025;0,3775;0,6215;;"$0.175/gal base rate plus adjusted amount based on weighted average wholesale price of gasoline and diesel; currently: gasoline = $0.20/gal, diesel = $0.20/gal.  Gasoline and Oil Inspection fee: $0.0025/gal on all motor fuels.  Total tax is currently capped at $0.375/gal."
North Dakota ;0,23;0,0003;0,2303;0,4143;;0,23;0,0003;0,2303;0,4743;;Inspection fee: $0.00025/gal on gasoline, kerosene, tractor fuel, heating oil, or diesel fuel.
Ohio ;0,28;;0,28;0,464;;0,28;;0,28;0,524;;
Oklahoma ;0,16;0,01;0,17;0,354;;0,13;0,01;0,1;0,384;;Petroleum Storage Underground Tank Release fee: $0.010/gal on gasoline, diesel fuel and blended fuel (gasohol, ethanol and fuel grade ethanol).  
Oregon[4] ;0,3;;0,3;0,484;;0,3;;0,3;0,544;;LOTS allowed and levied at the county and municipal levels. Petroleum load fee: $7.00 per load (load = anything over 100 gals.)
Pennsylvania ;0,505;0,011;0,516;0,7;;0,642;0,011;0,653;0,897;;A variable rate is calculated annually and replaces the OCS and Liquid Fuels Tax (see PA Bulletin for updated rate info).  Underground Storage Tank Fund fee: $0.011/gal in addition to listed rates.  See PA Insurance Dept, Bureau of Special Funds, USTIF for UST fees.
Rhode Island ;0,32;0,0112;0,3312;0,5152;;0,32;0,0112;0,3312;0,5752;;Environmental Protection Regulatory fee (EPRF): $0.01/gal.  Beginning 7/1/15 ERPF will be indexed to the U.S. CPI-U. Uniform Oil Response and Prevention fee: $0.05 cents per barrel ($0.0012/gal).
South Carolina[4] ;0,16;0,0075;0,1675;0,3515;;0,16;0,0075;0,1675;0,4115;;"Inspection Fee: $0.0025/gal; Environmental Impact Fee: $0.005/gal."
South Dakota ;0,22;0,02;0,24;0,424;;0,22;0,02;0,24;0,484;;Tank Inspection Fee: $0.02/gal.
Tennessee ;0,2;0,014;0,214;0,398;;0,17;0,014;0,184;0,428;;Special Privilege Tax: $0.01/gal.  Environmental Assurance fee:  $0.004/gal. 
Texas ;0,2;;0,2;0,384;;0,2;;0,2;0,444;;Petro products delivery fee varies on load size (applies to all petro products).
Utah ;0,245;0,0065;0,2515;0,4355;;0,245;0,0065;0,2515;0,4955;;Environmental Assurance fee: $0.0065/gal. 
Vermont ;0,121;0,1987;0,3197;0,5037;;0,28;0,04;0,32;0,564;;"Petroleum Distributor fee: $0.01/gal.  Motor Fuel Transportation Infrastructure Assessment (MFTIA)fee: gasoline $0.0547/gal.;  diesel $0.03/gal.  Motor Fuel Tax Assessment (MFTA) applies to gasoline only: $0.134/gal."
Virginia[3] ;0,162;0,006;0,168;0,352;;0,202;0,006;0,208;0,452;;Storage tank fee = $0.006/gal.   2% sales tax in areas where mass transit systems exist.
Washington[4] ;0,375;0,001;0,376;0,56;;0,375;0,001;0,376;0,62;;"Oil Spill Administration Tax: $0.04 per barrel ($0.0009523/gal).  Hazardous Substance tax: .007 times the w/s price of the substance.  ""Border Zone Area Motor Fuel Tax"" $0.01/gal in counties bordering Canada."
West Virginia ;0,205;0,141;0,346;0,53;;0,205;0,141;0,346;0,59;;Excise tax $0.205/gal, Consumers Sales and Service Tax: $0.141/gal. 
Wisconsin ;0,309;0,02;0,329;0,513;;0,309;0,02;0,329;0,573;;Petroleum Inspection fee: $0.02/gal. 
Wyoming ;0,23;0,01;0,24;0,424;;0,23;0,01;0,24;0,484;;License Tax: $0.01/gal.  
American Samoa;0,35;;0,35;;;0,315;0,035;0,35;;;Not subject to federal excise.  http://www.asbar.org/archive/Newcode/Title%2011%28a%29.htm, see Ch. 10,11.1002(4) for rates. 
Guam;0,11;0,04;0,15;;;0,1;0,04;0,14;;;Not subject to federal excise. Automotive Surcharge (gasoline): $0.04/gal.  Mass Transit Automotive Surcharge (diesel): $0.04/gal.
Northern Mariana Islands;0,15;;0,15;;;0,15;;0,15;;;Not subject to federal excise. See http://www.cnmilaw.org/, Commonwealth Code, 4 CMC §1403, Fuel Tax.
Puerto Rico;0,16;;0,16;;;0,08;;0,08;;;Not subject to federal excise. See http://www.cnmilaw.org/, Commonwealth Code, 4 CMC §1403, Fuel Tax.
U.S. Virgin Islands;0,14;;0,14;;;0,14;;0,14;;;Not subject to federal excise. See 33 V.I.C. §91.
1 This list includes rates of general application (including, but not limited to, excise taxes, environmental taxes, special taxes, and inspection fees), exclusive of county and local taxes. Rates are also exclusive of any state taxes based on gross or net receipts.  The information included in this document is for general informational purposes only and should not be construed as legal, tax, or other advice. Contact the appropriate state agencies for official information or guidance about motor fuel taxes and fees.  State rates in effect as of January 1, 2015.  Sources: State and Territorial statutes and government agencies. ;;;;;;;;;;;
2 May include sales and/or use taxes, inspection fees, environmental fees, or other charges.;;;;;;;;;;;
3 Additional state taxes may be levied.;;;;;;;;;;;
4 Local option taxes (LOTS) are allowed.;;;;;;;;;;;
5 The State of Alaska suspended its motor fuels taxes on all fuel types and uses for a period of one year beginning September 1, 2008 and ending August 31, 2009.;;;;;;;;;;;
;;;;;;;;;;;
Questions concerning this information may be directed to:  ;;;;maureen.klein@eia.gov;;;;;;;