Federal and state motor fuels taxes[1]  ;;;;;;;;;;;
Updated January 2025 ;                                        Gasoline   ;;;;;                                              Diesel;;;;;
;             Excise;                 LUST Fee ;;         Total;;              Excise;                 LUST Fee ;;        Total;;Notes
Federal;0,1830 US$;0,0010 US$;;0,1840 US$;;0,2430 US$;0,0010 US$;;0,2440 US$;;Leaking Underground Storage Tank (LUST) fee: $0.001/gal. 
;;;;;;;;;;;
;                                        Gasoline   ;;;;;                                              Diesel;;;;;
;State tax;Other taxes & Fees[2]   ;Total State[3];State & Federal;;State tax;Other taxes & Fees[2]   ;Total State[3];State & Federal;;Notes
Average state tax ;0,2781 US$;0,0549 US$;0,3265 US$;0,5105 US$;;0,2987 US$;0,0586 US$;0,3493 US$;0,5933 US$;;
Alabama[4];0,2900 US$;0,0120 US$;0,3020 US$;0,4860 US$;;0,3000 US$;0,0195 US$;0,3195 US$;0,5635 US$;;Storage Tank Trust Fund Charge: $0.0120/gal. Wholesale Oil License fee: $0.0075/gal on diesel fuel only. Inspection Fee: $0.0200/gal applies to gasoline and undyed diesel fuel that is not subject to excise.
Alaska[5];0,0800 US$;0,0095 US$;0,0895 US$;0,2735 US$;;0,0800 US$;0,0095 US$;0,0895 US$;0,3335 US$;;Motor Fuel Surcharge: $0.0095/gal.
Arizona  ;0,1800 US$;0,0100 US$;0,1900 US$;0,3740 US$;;0,1800 US$;0,0100 US$;0,1900 US$;0,4340 US$;;"Storage Tank tax: $0.0100/gal. ""Use Class motor vehicle"" diesel rate = $0.2600/gal"
Arkansas;0,2470 US$;0,0030 US$;0,2500 US$;0,4340 US$;;0,2850 US$;0,0030 US$;0,2880 US$;0,5320 US$;;"Border Zone rates may apply (state excise rate will not be more than $0.01/gal higher than the adjoining state's rate. See A.C.A. § 26-64-101 for details); Environmental Assurance fee: $0.0030/gal."
California[4]  ;0,5960 US$;0,1022 US$;0,6982 US$;0,8822 US$;;0,4540 US$;0,4672 US$;0,9212 US$;1,1652 US$;;"2.25% state sales tax on gasoline, 13.00% state sales tax on diesel (prepaid rates for these sales taxes: gasoline $0.0800/gal; diesel $0.4450/gal). Additional District sales taxes may apply. State Underground Storage Tank fee (all products): $0.02/gal. Oil Spill Prevention and Administration (OPSA) Fee (all products): $0.0940 per barrel ($0.0022/gal). Gasoline and diesel are also subject to costs associated with the Low Carbon Fuel Standard and Cap-and-Trade programs."
Colorado ;0,2200 US$;0,0618 US$;0,2818 US$;0,4658 US$;;0,2050 US$;0,1018 US$;0,3068 US$;0,5508 US$;;Bridge and Tunnel Impact (BTI) Fee: $0.0400/gal, diesel only. Environmental Response Surcharge (ERS): $0.0125/gal, gasoline and diesel. Fuel Impact Reduction Fee (FIRF): $0.006125/gal, gasoline and diesel. Perfluoroalkyl and Polyfluoroalkyl Substances Fee (PFAS): $0.003125/gal, gasoline and diesel. Road Usage Fee (RUF): $0.0400/gal, gasoline and diesel.
Connecticut;0,2500 US$;;0,2500 US$;0,4340 US$;;0,5240 US$;;0,5240 US$;0,7680 US$;;Petroleum Products Gross Earnings tax (PGET): 8.1% of gross earnings in each taxable quarter derived from the first sale of petroleum products. PGET does not apply to products to be used as heating fuels or bunker fuels. 
Delaware ;0,2300 US$;;0,2300 US$;0,4140 US$;;0,2200 US$;;0,2200 US$;0,4640 US$;;Hazardous Substance Cleanup Act (HSCA): 1.675% tax on gross receipts from the sale of petroleum or petroleum products.
District of Columbia  ;0,2350 US$;0,1180 US$;0,3530 US$;0,5370 US$;;0,2350 US$;0,1180 US$;0,3530 US$;0,5970 US$;;Motor Vehicle Fuel Tax Surcharge/Local Transportation Surcharge: $0.1180/gal as of 10/1/24.
Florida[4]  ;0,2150 US$;0,1790 US$;0,3940 US$;0,5780 US$;;0,2150 US$;0,1877 US$;0,4027 US$;0,6467 US$;;"For 2025, the gasoline and diesel state taxes are the excise and sales taxes added together. Other fees and pollutant taxes: Ninth-Cent fee (diesel only) $0.01/gal; Petroleum Inspection fee (gasoline, kerosene and No. 1 fuel oil only) $0.00125/gal; Local Option fee $0.06/gal; State Comprehensive Enhanced Transportation System Tax (SCETS) $0.097/gal; Coastal Protection tax $0.00048/gal; Inland Protection tax $0.01904/gal; Water Quality tax $0.00119. The listed gasoline rate does not include additional local option taxes above the statewide minimum of $0.06/gal. See https://floridarevenue.com/taxes/Documents/fuel_charts/24B05-05_chart.pdf for more information."
Georgia[4]  ;0,3310 US$;0,0075 US$;0,3385 US$;0,5225 US$;;0,3710 US$;0,0075 US$;0,3785 US$;0,6225 US$;;"Georgia Underground Storage Tank (GUST) fee on petro products: $0.0075/gal. The average retail price used for the Prepaid Local Tax (TSPLOST) changed as of 1/1/16; for more information, see https://dor.georgia.gov/motor-fuel-rates. "
Hawaii[4]  ;0,1600 US$;0,0250 US$;0,1850 US$;0,3690 US$;;0,1600 US$;0,0250 US$;0,1850 US$;0,4290 US$;;"In addition to State rates: Honolulu: $0.1650/gal; Maui: $0.2400/gal; Hawaii: $0.2300/gal; Kauai: $0.1700/gal. Environmental Response, Energy, and Food Security Tax $0.0250/gal. "
Idaho ;0,3200 US$;0,0100 US$;0,3300 US$;0,5140 US$;;0,3200 US$;0,0100 US$;0,3300 US$;0,5740 US$;;Petroleum Transfer Fee (all fuels): $0.0100/gal. 
Illinois[4]  ;0,4700 US$;0,1910 US$;0,6610 US$;0,8450 US$;;0,5450 US$;0,1910 US$;0,7360 US$;0,9800 US$;;Prepaid Sales Tax Rates: $0.1800/gal for gasoline containing less than 15% denatured ethanol and diesel containing less than 10% biodiesel or renewable diesel, $0.1700/gal for E15 gasohol, and $0.1400/gal for mid-range ethanol blends. Underground Storage Tank tax: $0.0030/gal. Environmental Impact Fee: $0.0080/gal.
Indiana;0,3500 US$;0,1750 US$;0,5250 US$;0,7090 US$;;0,5900 US$;0,0100 US$;0,6000 US$;0,8440 US$;;The Gasoline Use Tax (formerly the prepaid sales tax) is considered the equivalent of the 7% sales tax that would be collected by a retail merchant and replaces the obligation of the retail merchant to collect the sales tax on the sale of gasoline. The Gasoline Use Tax is calculated on a monthly basis (see Departmental Notices for new rates). The rate is $0.1650/gal, as of 1/1/25. A 7% sales tax on diesel fuel no longer applies. Oil Inspection fee: $0.0100/gal.
Iowa;0,3000 US$;;0,3000 US$;0,4840 US$;;0,3250 US$;;0,3250 US$;0,5690 US$;;Environmental Protection Charge (EPC): Repealed as of 12/31/16 ($0.0100/gal on petroleum products). Ethanol Blended Gasoline E-15 or Higher is a new fuel group effective 7/1/20. Diesel includes biodiesel B-19 and lower as of 7/1/2024. 
Kansas;0,2400 US$;0,0104 US$;0,2504 US$;0,4344 US$;;0,2600 US$;0,0103 US$;0,2703 US$;0,5143 US$;;Environmental Assurance Fee: $0.0100/gal (back in effect 1/1/20). Petroleum Product Inspection Fee: $0.0150/bbl ($0.0004/gal).
Kentucky;0,2640 US$;0,0140 US$;0,2780 US$;0,4620 US$;;0,2340 US$;0,0140 US$;0,2480 US$;0,4920 US$;;Petroleum Storage Tank Environmental Assurance Fee: $0.0140/gal. Rates are calculated quarterly on the average wholesale price of fuel. Beginning July 1, 2016, rates calculated and adjusted on an annual basis.
Louisiana;0,2000 US$;0,0093 US$;0,2093 US$;0,3933 US$;;0,2000 US$;0,0093 US$;0,2093 US$;0,4533 US$;;State Inspection fee (applies to all petroleum products): $0.00125/gal. Motor Fuels Underground Storage Tank Trust Fund fee applies to gasoline, No. 1 diesel, No. 2 diesel, kerosene, and all aviation fuels (not to LPG): $72 per 9,000 gallon load ($0.0080/gal).
Maine;0,3000 US$;0,0140 US$;0,3140 US$;0,4980 US$;;0,3120 US$;0,0067 US$;0,3187 US$;0,5627 US$;;"Maine Coastal and Inland Surface Oil Clean-up Fund fee (no longer in effect after July 3, 2015): $0.0300/bbl ($0.0007/gal) for all crude oil and refined oil, including #6 fuel oil, #2 fuel oil, kerosene, gasoline, jet fuel, diesel fuel and liquid asphalt. Ground Water Oil Clean-up Fund fees: $0.5900/bbl ($0.0140476/gal) of gasoline; $0.2800/bbl ($0.0067/gal) of refined petroleum products and their by-products (other than gasoline and #6 fuel oil), including #2 fuel oil, kerosene, jet fuel and diesel fuel; and $0.0400/bbl of #6 fuel oil. Petroleum Marketing Fund Fee: $0.4000 per 10,000 gallons of home heating oil and motor fuel oil."
Maryland;0,3210 US$;0,1419 US$;0,4629 US$;0,6469 US$;;0,3285 US$;0,1419 US$;0,4704 US$;0,7144 US$;;CPI component $0.0860/gal as of 7/1/24, Sales and Use Tax Equivalent rate (SUTE) component $0.1400/gal as of 7/1/24. Oil transfer Fee: $0.0800/bbl ($0.0019/gal) of oil transferred into the State.
Massachusetts;0,2400 US$;0,0347 US$;0,2747 US$;0,4587 US$;;0,2400 US$;0,0347 US$;0,2747 US$;0,5187 US$;;Underground Storage Tank Petroleum Product Cleanup Fund Delivery fee: $335.04 per 10k load ($0.033504/gal). Underground Storage Tank fee: $250 per year, per tank. Uniform Oil Response + Prevention fee: $0.0500/barrel ($0.0012/gal), all products.
Michigan;0,3100 US$;0,1680 US$;0,4780 US$;0,6620 US$;;0,3100 US$;0,1680 US$;0,4780 US$;0,7220 US$;;"The January 2025  Prepaid Sales Tax rates on fuels: gasoline $0.1580/gal; diesel fuel $0.1950/gal. The prepaid sales tax rates are calculated each month, see Revenue Administrative Bulletins (RABs) for current rates. Environmental protection regulatory fee: $0.0100/gal all products. "
Minnesota;0,3180 US$;0,0010 US$;0,3190 US$;0,5030 US$;;0,3180 US$;0,0010 US$;0,3190 US$;0,5630 US$;;Petroleum Tank Release Cleanup Fee (not currently in effect for January 2025): $20 per 1,000 gallons ($0.0200/gal). Inspection fee: $1 for every 1,000 gallons received ($0.0010/gal).
Mississippi[4];0,1800 US$;0,0040 US$;0,1840 US$;0,3680 US$;;0,1800 US$;0,0040 US$;0,1840 US$;0,4280 US$;;Seawall Tax: $0.0300/gal (gasoline only) in effect in Harrison, Hancock, and Jackson Counties. Environmental Protection Fee: $0.0040/gal. Underground Storage Tank fee: $100 per tank per year.
Missouri[4];0,2700 US$;0,0049 US$;0,2749 US$;0,4589 US$;;0,2700 US$;0,0049 US$;0,2749 US$;0,5189 US$;;"Petroleum Inspection fee: $0.0450 per 50 gallons ($0.0009/gal); Transport Load Fee $32.00 per 8,000 gallons ($0.0040/gal)."
Montana[4];0,3300 US$;0,0075 US$;0,3375 US$;0,5215 US$;;0,2975 US$;0,0075 US$;0,3050 US$;0,5490 US$;;Petroleum Storage Tank Cleanup fee : $0.0075/gal on gasoline, diesel and fuel oil, aviation gasoline, and (non-military use) jet fuel. 
Nebraska;0,3040 US$;0,0090 US$;0,3130 US$;0,4970 US$;;0,3040 US$;0,0030 US$;0,3070 US$;0,5510 US$;;"Petroleum Release Remedial Action fee: gasoline, gasohol, aviation gasoline, ethanol: $0.0090/gal; diesel, jet fuel, all others products: $0.0030/gal."
Nevada[4];0,2300 US$;0,0081 US$;0,2381 US$;0,4221 US$;;0,2700 US$;0,0075 US$;0,2775 US$;0,5215 US$;;"Additional county and local option taxes on motor fuels add $0.0500 to $0.1000/gal (or more) to the state rate (County mandatory: $0.0100/gal, County Option: $0.0400-$0.9000/gal (or indexed rate)). Petroleum Products Inspection Fee: $0.00055/gal on gasoline; Clean-up Fee on gasoline, No. 1 and No. 2 distillates: $0.0075/gal."
New Hampshire;0,2220 US$;0,0163 US$;0,2383 US$;0,4223 US$;;0,2220 US$;0,0163 US$;0,2383 US$;0,4823 US$;;Oil Discharge and Disposal Cleanup Fund fee: $0.01500/gal on gasoline and diesel fuels, excluding heating fuels. Oil Pollution Control Fund fee: $0.00125/gal on all petroleum products except LPG and natural gas. 
New Jersey;0,1050 US$;0,3445 US$;0,4495 US$;0,6335 US$;;0,1350 US$;0,3845 US$;0,5195 US$;0,7635 US$;;Petroleum Products Gross Receipts Tax - requires quarterly adjustment. As of 1/1/25: $0.3440/gal for gasoline, $0.3840/gal for diesel fuel. Spill Compensation and Control Act: $0.0230/bbl ($0.0005/gal) on all petroleum products.
New Mexico;0,1700 US$;0,0188 US$;0,1888 US$;0,3728 US$;;0,2100 US$;0,0188 US$;0,2288 US$;0,4728 US$;;Petroleum Products Loading fee: $150 per 8,000 gallon load on gasoline and special fuels ($0.01875/gal). LOTs allowed, not in effect.
New York[4];0,0800 US$;0,1687 US$;0,2487 US$;0,4327 US$;;0,0800 US$;0,1507 US$;0,2307 US$;0,4747 US$;;"Petroleum Business Tax (13-A) - requires annual adjustment (January 1, 2025: gasoline $0.1650/gal, diesel $0.1475/gal). Petroleum Testing Fee (gasoline): $0.0005/gal. Additional sales taxes apply: State Sales Tax: $0.0800/gal ($0.0875/gal in the Metropolitan Commuter Transportation District (MCTD)); local sales taxes also apply (some counties levy this in a cents-per-gallon manner). Prepaid Sales Tax rates (see Publication 790, ""Chart for Prepayment of Sales Tax on Motor Fuels'): $0.1800/gal, $0.1800/gal, $0.1700/gal for Regions 1, 2, 3, respectively. Oil Spill Prevention, Control, and Compensation License fee: $0.0925/bbl plus a surcharge of $0.0425/bbl, all petroleum products ($0.003214/gal)."
North Carolina;0,4030 US$;0,0025 US$;0,4055 US$;0,5895 US$;;0,4030 US$;0,0025 US$;0,4055 US$;0,6495 US$;;Gasoline and Oil Inspection fee: $0.0025/gal on all motor fuels.
North Dakota;0,2300 US$;0,0003 US$;0,2303 US$;0,4143 US$;;0,2300 US$;0,0003 US$;0,2303 US$;0,4743 US$;;Inspection fee: $0.00025/gal on gasoline, kerosene, tractor fuel, heating oil, or diesel fuel.
Ohio;0,3850 US$;;0,3850 US$;0,5690 US$;;0,4700 US$;;0,4700 US$;0,7140 US$;;Petroleum Activity Tax (PAT): 0.65% on the gross receipts from the first sale, transfer, exchange, or other disposition of motor fuel in Ohio to a point outside of the distribution system. 
Oklahoma;0,1900 US$;0,0100 US$;0,2000 US$;0,3840 US$;;0,1900 US$;0,0100 US$;0,2000 US$;0,4440 US$;;Petroleum Storage Underground Tank Release fee: $0.0100/gal on gasoline, diesel fuel and blended fuel (gasohol, ethanol and fuel grade ethanol).
Oregon[4];0,4000 US$;;0,4000 US$;0,5840 US$;;0,4000 US$;;0,4000 US$;0,6440 US$;;LOTS (local option taxes) allowed and levied at the county and municipal levels. Petroleum load fee: $10.00 per load (load = anything over 100 gals).
Pennsylvania;0,5760 US$;0,0110 US$;0,5870 US$;0,7710 US$;;0,7410 US$;;0,7410 US$;0,9850 US$;;A variable rate is calculated annually and replaced the OCS and Liquid Fuels Tax (see PA Bulletin for updated rate info). Underground Storage Tank (UST) Fund fee (applies only to gasoline and diesel fuel into tanks at farms: $0.0110/gal. Most diesel fuel subject to the tank Capacity fee: $0.0825/gal of UST capacity, paid annually. See PA Insurance Dept, Bureau of Special Funds, USTIF for UST fees.
Rhode Island;0,3700 US$;0,0112 US$;0,3812 US$;0,5652 US$;;0,3700 US$;0,0112 US$;0,3812 US$;0,6252 US$;;Environmental Protection Regulatory fee (EPRF): $0.0100/gal. Uniform Oil Response and Prevention (UORF) fee: $0.0500/bbl ($0.0012/gal).
South Carolina[4];0,2800 US$;0,0075 US$;0,2875 US$;0,4715 US$;;0,2800 US$;0,0075 US$;0,2875 US$;0,5315 US$;;"Inspection Fee: $0.0025/gal; Environmental Impact Fee: $0.0050/gal."
South Dakota;0,2800 US$;0,0200 US$;0,3000 US$;0,4840 US$;;0,2800 US$;0,0200 US$;0,3000 US$;0,5440 US$;;Tank Inspection Fee: $0.0200/gal.
Tennessee;0,2600 US$;0,0140 US$;0,2740 US$;0,4580 US$;;0,2700 US$;0,0140 US$;0,2840 US$;0,5280 US$;;Special Privilege Tax: $0.0100/gal. Environmental Assurance fee: $0.0040/gal.
Texas;0,2000 US$;;0,2000 US$;0,3840 US$;;0,2000 US$;;0,2000 US$;0,4440 US$;;Petro products delivery fee varies on load size (applies to all petro products).
Utah;0,3850 US$;0,0065 US$;0,3915 US$;0,5755 US$;;0,3850 US$;0,0065 US$;0,3915 US$;0,6355 US$;;Environmental Assurance fee: $0.0065/gal.
Vermont;0,1210 US$;0,1958 US$;0,3168 US$;0,5008 US$;;0,2800 US$;0,0500 US$;0,3300 US$;0,5740 US$;;"Petroleum Distributor Licensing Fee: $0.0100/gal. Motor Fuel Transportation Infrastructure Assessment (MFTIA) fee: gasoline $0.0518/gal; diesel $0.0300/gal. Motor Fuel Tax Assessment (MFTA) applies to gasoline only: $0.1340/gal. Clean up fee applies to diesel only: $0.0100/gal."
Virginia;0,3080 US$;0,0960 US$;0,4040 US$;0,5880 US$;;0,3180 US$;0,0970 US$;0,4150 US$;0,6590 US$;;Storage tank fee: $0.0060/gal. The Motor Vehicle Fuels Sales Tax (MVFST) (aka, Wholesale Sales Tax (WH)) rates: gasoline $0.0900/gal, diesel $0.0910/gal.
Washington[4];0,4940 US$;0,0342 US$;0,5282 US$;0,7122 US$;;0,4940 US$;0,0342 US$;0,5282 US$;0,7722 US$;;"Oil Spill Administration Tax: $0.0400/bbl ($0.0009523/gal). Oil Spill Response tax: $0.0100/bbl ($0.000238/gal). Hazardous Substance tax on petroleum products that can be measured on per-barrel basis: $1.4800/bbl ($0.03524/gal). ""Border Zone Area Motor Fuel Tax"" $0.01/gal in counties bordering Canada. Petroleum Products Tax (PPT) reinstated as of 1/1/20: rate is based on the wholesale value of the petroleum product multiplied by .0030."
West Virginia;0,2050 US$;0,1520 US$;0,3570 US$;0,5410 US$;;0,2050 US$;0,1520 US$;0,3570 US$;0,6010 US$;;Excise tax $0.2050/gal, Consumers Sales and Service Tax: $0.1520/gal.
Wisconsin;0,3090 US$;0,0200 US$;0,3290 US$;0,5130 US$;;0,3090 US$;0,0200 US$;0,3290 US$;0,5730 US$;;Petroleum Inspection fee: $0.0200/gal.
Wyoming;0,2300 US$;0,0100 US$;0,2400 US$;0,4240 US$;;0,2300 US$;0,0100 US$;0,2400 US$;0,4840 US$;;License Tax: $0.0100/gal.  
American Samoa;0,3500 US$;;0,3500 US$;;;0,3150 US$;0,0350 US$;0,3500 US$;;;Not subject to federal excise. 
Guam;0,1500 US$;0,0400 US$;0,1900 US$;;;0,1400 US$;0,0400 US$;0,1800 US$;;;Not subject to federal excise. Automotive Surcharge (gasoline): $0.04/gal.  Mass Transit Automotive Surcharge (diesel): $0.04/gal. Excise taxes, Automotive surcharge, and Mass Transit Automotive Surcharge on liquid fuel suspended for 180 days, effective 6/21/2022.
Northern Mariana Islands;0,1500 US$;;0,1500 US$;;;0,1500 US$;;0,1500 US$;;;Not subject to federal excise. 
Puerto Rico;0,1600 US$;0,3690 US$;0,5290 US$;;;0,0400 US$;0,2200 US$;0,2600 US$;;;Finished gasoline is subject to an additional $15.50/bbl ($0.369/gal) in taxes. Diesel fuel is also subject to an additional $9.25/bbl ($0.220/gal) in taxes.  See 13 L.P.R.A. § 31626, 13 L.P.R.A. § 31627, and 13 L.P.R.A. § 31627a. Not subject to federal excise. Gasoline and diesel fuel excise taxes suspended for 45 days, effective 6/14/2022.
U.S. Virgin Islands;0,1400 US$;;0,1400 US$;;;0,1400 US$;;0,1400 US$;;;Not subject to federal excise. 
1 This list includes rates of general application (including, but not limited to, excise taxes, environmental taxes, special taxes, and inspection fees), exclusive of county and local taxes. Rates are also exclusive of any state taxes based on gross or net receipts. The information included in this document is for general informational purposes only and should not be construed as legal, tax, or other advice. Contact the appropriate state agencies for official information or guidance about motor fuel taxes and fees. State rates in effect as of January 1, 2025. Sources: State and Territorial statutes and government agencies. ;;;;;;;;;;;
2 May include sales and/or use taxes, inspection fees, environmental fees, or other charges.;;;;;;;;;;;
3 Average of Total State taxes may not equal the sum due to rounding. ;;;;;;;;;;;
4 Local option taxes (LOTs) are allowed.;;;;;;;;;;;
5 The State of Alaska suspended its motor fuels taxes on all fuel types and uses for a period of one year beginning September 1, 2008 and ending August 31, 2009.;;;;;;;;;;;
Note: Entries in blue indicate a change from the last edition of this table.;;;;;;;;;;;