Federal and state motor fuels taxes[1]  ;;;;;;;;;;;
Updated January 2024 ;                                        Gasoline   ;;;;;                                              Diesel;;;;;
;             Excise;                 LUST Fee ;;         Total;;              Excise;                 LUST Fee ;;        Total;;Notes
Federal;US$0,183;US$0,001;;US$0,184;;US$0,243;US$0,001;;US$0,244;;Leaking Underground Storage Tank (LUST) fee: $0.001/gal. 
;;;;;;;;;;;
;                                        Gasoline   ;;;;;                                              Diesel;;;;;
;State tax;Other taxes & Fees[2]   ;Total State[3];State & Federal;;State tax;Other taxes & Fees[2]   ;Total State[3];State & Federal;;Notes
Average state tax ;US$0,2718;US$0,0597;US$0,3244;US$0,5084;;US$0,2876;US$0,0677;US$0,3474;0,5914;;
Alabama[4] ;0,29;0,012;0,302;0,486;;0,3;0,0195;0,3195;0,5635;;Inspection Fee (applies to all gasoline): $0.02/gal. The Inspection Fee only applies to diesel fuel that is not subject to excise.  Storage Tank Trust Fund Charge: $0.012/gal.  Wholesale Oil License fee: $0.0075/gal on diesel fuel only.  Local option taxes permitted.   
Alaska[5];0,08;0,0095;0,0895;0,2735;;0,08;0,0095;0,0895;0,3335;;Refined Fuel Surcharge: $0.0095/gal.
Arizona  ;0,18;0,01;0,19;0,374;;0,18;0,01;0,19;0,434;;"""Use Class motor vehicle"" diesel rate = $0.26/gal; Storage Tank tax: $0.01/gal."
Arkansas;0,247;0,003;0,25;0,434;;0,285;0,003;0,288;0,532;;"Border Zone rates may apply (state excise rate will not be more than $0.01/gal higher than the adjoining state's rate.  See A.C.A. § 26-55-210 for details); Environmental Assurance fee: $0.003/gal."
California[4]  ;0,579;0,102;0,681;0,865;;0,441;0,5222;0,9632;1,2072;;"2.25% state sales tax on gasoline, 9.0625% state sales tax on diesel (prepaid rates for these sales taxes: gasoline $0.08/gal; diesel $0.50/gal). Additional District sales taxes may apply. State Underground Storage Tank fee (all products): $0.02/gal. Oil Spill Prevention and Administration (OPSA) Fee (all products): $0.091 per barrel ($0.0022/gal)."
Colorado ;0,22;0,0724;0,2924;0,4764;;0,205;0,0755;0,2805;0,5245;;Perfluoroalkyl and polyfluoroalkyl substances (PFAS) Fee: $0.003125/gal (gasoline and diesel fuel). Bridge and Tunnel Impact (BTI) Fee: $0.03/gal (diesel fuel only). Road Usage (RUF) Fee: $0.03/gal (gasoline and diesel fuel). Environmental Response Surcharge (ERS): $50 per tanker load (8000 gallons) or $0.00625/gal (gasoline and diesel fuel). Fuel Impact Reduction Fee (FIRF), applies to gasoline & diesel fuels: $0.006125/gal.
Connecticut;0,25;;0,25;0,434;;0,29;0,202;0,492;0,736;;Petroleum Products Gross Earnings tax (PPGET): 8.1% on first sale of gasoline in the state. The varible rate portion for diesel fuel: $0.202/gal as of 7/1/23 (calculated as 8.1% of the average wholesale price for a 12-month period ending by June 15 each year). PPGET does not apply to products to be used as heating fuels or bunker fuels. 
Delaware ;0,23;;0,23;0,414;;0,22;;0,22;0,464;;DE Hazardous Substance: 0.9% tax on gross receipts from the sales of petroleum or petroleum products.  
District of Columbia  ;0,235;0,114;0,349;0,533;;0,235;0,114;0,349;0,593;;Motor Vehicle Fuel Tax Surcharge/Local Transportation Surcharge: $0.114/gal as of 10/1/23.
Florida[4]  ;0,04;0,346;0,386;0,57;;0,04;0,3547;0,3947;0,6387;;"The listed gasoline rate does not include additional local option taxes above the statewide minimum of $0.06/gal.  See http://floridarevenue.com/taxes/Documents/17B05-03_chart.pdf for more information.  Environmental taxes and other fees: Coastal Protection tax $0.00048/gal; Water Quality tax $0.00119/gal; Inland Protection tax  $0.01904/gal; Petroleum Inspection fee $0.00125/gal on gasoline, kerosene and No. 1 fuel oil. Total of these additional taxes and fees: $0.02196/gal for gasoline, $0.02071/gal for diesel.  "
Georgia[4]  ;0,323;0,0075;0,3305;0,5145;;0,362;0,0075;0,3695;0,6135;;"Georgia Underground Storage Tank (GUST) fee on petro products: $0.0075/gal.  The average retail price used for the Prepaid Local Tax (TSPLOST) changed as of 1/1/16; for more information, see https://dor.georgia.gov/motor-fuel-rates. "
Hawaii[4]  ;0,16;0,025;0,185;0,369;;0,16;0,025;0,185;0,429;;"In addition to State rates: Honolulu: $0.165/gal; Maui: $0.24/gal; Hawaii: $0.23/gal; Kauai: $0.17/gal.  Environmental Response Tax $0.025/gal. "
Idaho ;0,32;0,01;0,33;0,514;;0,32;0,01;0,33;0,574;;Petroleum Transfer Fee (all fuels): $0.01/gal. 
Illinois[4]  ;0,454;0,211;0,665;0,849;;0,529;0,211;0,74;0,984;;"""Part B"", mandatory prepaid sales tax, aka ""Tax Prepayment by Motor Fuel Retailers"" (sales tax is 6.25%): $0.20/gal for gasoline, gasohol, and diesel. For biodiesel (1 to 10% blends), the prepaid rate is $0.20/gal.  Underground Storage Tank tax: $0.003/gal; Environmental Impact Fee: $0.008/gal.  "
Indiana;0,34;0,177;0,517;0,701;;0,57;0,01;0,58;0,824;;The Gasoline Use Tax (formerly the prepaid sales tax) is considered the equivalent of the 7 percent sales tax that would be collected by a retail merchant and replaces the obligation of the retail merchant to collect the sales tax on the sale of gasoline. The Gasoline Use Tax is calculated on a monthly basis (see Departmental Notices for new rates). The rate is $0.167/gal, as of 1/1/24.  A 7% sales tax on diesel fuel no longer applies. Oil Inspection fee: $0.01/gal.  
Iowa;0,3;;0,3;0,484;;0,325;;0,325;0,569;;Environmental Protection Charge (EPC): Repealed as of 12/31/16 ($0.01/gal on petroleum products). Ethanol Blended Gasoline E-15 or Higher is a new fuel group effective 7/1/20.
Kansas ;0,24;0,0103;0,2503;0,4343;;0,26;0,0103;0,2703;0,5143;;Environmental Assurance Fee: $0.01/gal (back in effect 1/1/20). Petroleum Product Inspection Fee: 0.015 cents per barrel (bbl = 50 gals) or $0.0003/gal.
Kentucky ;0,287;0,014;0,301;0,485;;0,257;0,014;0,271;0,515;;Petroleum Storage Tank Environmental Assurance Fee: $0.014/gal.  Rates are calculated quarterly on the average wholesale price of fuel.  Beginning July 1, 2016, rates calculated and adjusted on an annual basis.
Louisiana ;0,2;0,0093;0,2093;0,3933;;0,2;0,0093;0,2093;0,4533;;State Inspection fee (applies to all petroleum products): $0.00125/gal. Motor Fuels Underground Storage Tank Trust Fund fee applies to gasoline, No. 1 diesel, No. 2 diesel, kerosene, and all aviation fuels (not to LPG): $72 per 9000 gallon load ($0.008/gal).
Maine ;0,3;0,014;0,314;0,498;;0,312;0,0067;0,3187;0,5627;;"Maine Coastal and Inland Surface Oil Clean-up Fund fee (no longer in effect after July 3, 2015): $0.03 per barrel ($0.0007/gal) for all crude oil and refined oil, including #6 fuel oil, #2 fuel oil, kerosene, gasoline, jet fuel, diesel fuel and liquid asphalt.  Ground Water Oil Clean-up Fund fees: $0.59 per barrel ($0.0140476/gal) of gasoline; $0.28 per barrel ($0.0067/gal) of refined petroleum products and their by-products (other than gasoline and #6 fuel oil), including #2 fuel oil, kerosene, jet fuel and diesel fuel; and $0.04 per barrel of #6 fuel oil.  Petroleum Marketing Fund Fee: $0.40 per 10,000 gallons of home heating oil and motor fuel oil.  "
Maryland ;0,31;0,1619;0,4719;0,6559;;0,3175;0,1619;0,4794;0,7234;;CPI component $0.075/gal as of 7/1/23, Sales and Use Tax Equivalent rate (SUTE) component $0.16/gal as of 7/1/23. Oil transfer Fee: $0.08 per barrel ($0.0019/gal) of oil transferred into the State. 
Massachusetts;0,24;0,0337;0,2737;0,4577;;0,24;0,0337;0,2737;0,5177;;Underground Storage Tank Petroleum Product Cleanup Fund Delivery fee: $324.72 per 10k load ($0.032472/gal). Underground Storage Tank fee: $250 per year, per tank. Uniform Oil Response + Prevention fee: $0.05/barrel ($0.0012/gal), all products.
Michigan;0,3;0,18;0,48;0,664;;0,3;0,235;0,535;0,779;;"The January 2024 Prepaid Sales Tax rates on fuels: gasoline $0.170/gal; diesel fuel $0.225/gal. The prepaid sales tax rates are calculated each month, see Revenue Administrative Bulletins (RABs) for current rates. Environmental protection regulatory fee: $0.01/gal all products. "
Minnesota ;0,285;0,001;0,286;0,47;;0,285;0,001;0,286;0,53;;Petroleum Tank Release Cleanup Fee (not currently in effect): $20 per 1,000 gallons ($0.02/gal). Inspection fee: $1 for every 1,000 gallons received ($0.001/gal).
Mississippi[4] ;0,18;0,004;0,184;0,368;;0,18;0,004;0,184;0,428;;Seawall Tax: $0.03/gal (gasoline only) in effect in Harrison, Hancock, and Jackson Counties.  Environmental Protection Fee: $0.004/gal.  Underground Storage Tank fee: $100 per tank per year.
Missouri[4] ;0,245;0,0047;0,2497;0,4337;;0,245;0,0047;0,2497;0,4937;;"Petroleum Inspection fee: $0.035 per 50 gallons ($0.0007/gal); Transport Load Fee $32.00 per 8,000 gallons ($0.004/gal)."
Montana[4] ;0,33;0,0075;0,3375;0,5215;;0,2975;0,0075;0,305;0,549;;Petroleum Storage Tank Cleanup fee : $0.0075/gal on gasoline, diesel and fuel oil, aviation gasoline, and (non-military use) jet fuel. 
Nebraska ;0,291;0,009;0,3;0,484;;0,291;0,003;0,294;0,538;;"Petroleum Release Remedial Action fee: gasoline, gasohol, aviation gasoline, ethanol: $0.009/gal; diesel, jet fuel, all others products: $0.003/gal."
Nevada[4] ;0,23;0,0081;0,2381;0,4221;;0,27;0,0075;0,2775;0,5215;;"Additional county and local option taxes on motor fuels add $0.05 to $0.10/gal (or more) to the state rate (County mandatory: $0.01/gal, County Option: $0.04-$0.9/gal (or indexed rate)). Petroleum Products Inspection Fee: $0.00055/gal on gasoline; Clean-up Fee on gasoline, No. 1 and No. 2 distillates: $0.0075/gal."
New Hampshire ;0,222;0,0163;0,2383;0,4223;;0,222;0,0163;0,2383;0,4823;;Oil Discharge and Disposal Cleanup Fund fee: $0.015/gal on gasoline and diesel fuels, excluding heating fuels.  Oil Pollution Control Fund fee: $0.00125/gal on all petroleum products except LPG and natural gas. 
New Jersey;0,105;0,3185;0,4235;0,6075;;0,135;0,3585;0,4935;0,7375;;Petroleum Products Gross Receipts Tax - requires quarterly adjustment. As of 1/1/24: $0.318/gal for gasoline, $0.358/gal for diesel fuel.  Spill Compensation and Control Act: $0.023 per barrel ($0.0005/gal) on all petroleum products.
New Mexico ;0,17;0,0188;0,1888;0,3728;;0,21;0,0188;0,2288;0,4728;;Petroleum Products Loading fee: $150 per 8000 gallon load on gasoline and special fuels ($0.01875/gal).  LOTS allowed, not in effect.
New York[4] ;0,08;0,1768;0,2568;0,4408;;0,08;0,1588;0,2388;0,4828;;"Petroleum Business Tax (13-A) - requires annual adjustment (January 1, 2024: gasoline $0.173/gal, diesel $0.1555/gal).  Petroleum Testing Fee (gasoline): $0.0005/gal.  Additional sales taxes apply: State Sales Tax: $0.08/gal ($0.0875/gal in the Metropolitan Commuter Transportation District (MCTD)); local sales taxes also apply (some counties levy this in a cents-per-gallon manner.)  Prepaid Sales Tax rates (see Publication 790, ""Chart for Prepayment of Sales Tax on Motor Fuels'): $0.180/gal, $0.180/gal, $0.170/gal for Regions 1, 2, 3, respectively.   Oil Spill Prevention, Control, and Compensation License fee: $0.0925/bbl plus a surcharge of $0.0425/bbl, all petroleum products ($0.003274/gal). "
North Carolina ;0,404;0,0025;0,4065;0,5905;;0,404;0,0025;0,4065;0,6505;;Gasoline and Oil Inspection fee: $0.0025/gal on all motor fuels.  
North Dakota ;0,23;0,0003;0,2303;0,4143;;0,23;0,0003;0,2303;0,4743;;Inspection fee: $0.00025/gal on gasoline, kerosene, tractor fuel, heating oil, or diesel fuel.
Ohio ;0,385;;0,385;0,569;;0,47;;0,47;0,714;;Petroleum Activity Tax (PAT): 0.65% on the gross receipts from the first sale, transfer, exchange, or other disposition of motor fuel in Ohio to a point outside of the distribution system. 
Oklahoma ;0,19;0,01;0,2;0,384;;0,19;0,01;0,2;0,444;;Petroleum Storage Underground Tank Release fee: $0.010/gal on gasoline, diesel fuel and blended fuel (gasohol, ethanol and fuel grade ethanol).  
Oregon[4] ;0,4;;0,4;0,584;;0,4;;0,4;0,644;;LOTS allowed and levied at the county and municipal levels. Petroleum load fee: $10.00 per load (load = anything over 100 gals.)
Pennsylvania ;0,576;0,011;0,587;0,771;;0,741;;0,741;0,985;;A variable rate is calculated annually and replaced the OCS and Liquid Fuels Tax (see PA Bulletin for updated rate info).  Underground Storage Tank (UST) Fund fee (applies only to gasoline and diesel fuel into tanks at farms: $0.011/gal. Most diesel fuel subject to the tank Capacity fee: $0.0825/gal of UST capacity, paid annually. See PA Insurance Dept, Bureau of Special Funds, USTIF for UST fees.
Rhode Island ;0,37;0,0112;0,3812;0,5652;;0,37;0,0112;0,3812;0,6252;;Environmental Protection Regulatory fee (EPRF): $0.01/gal. Uniform Oil Response and Prevention (UORF) fee: $0.05 cents per barrel ($0.0012/gal).
South Carolina[4] ;0,28;0,0075;0,2875;0,4715;;0,28;0,0075;0,2875;0,5315;;"Inspection Fee: $0.0025/gal; Environmental Impact Fee: $0.005/gal."
South Dakota ;0,28;0,02;0,3;0,484;;0,28;0,02;0,3;0,544;;Tank Inspection Fee: $0.02/gal.
Tennessee ;0,26;0,014;0,274;0,458;;0,27;0,014;0,284;0,528;;Special Privilege Tax: $0.01/gal.  Environmental Assurance fee:  $0.004/gal. 
Texas ;0,2;;0,2;0,384;;0,2;;0,2;0,444;;Petro products delivery fee varies on load size (applies to all petro products).
Utah ;0,365;0,0065;0,3715;0,5555;;0,365;0,0065;0,3715;0,6155;;Environmental Assurance fee: $0.0065/gal. 
Vermont ;0,121;0,2051;0,3261;0,5101;;0,28;0,04;0,32;0,564;;"Petroleum Distributor fee: $0.01/gal. Motor Fuel Transportation Infrastructure Assessment (MFTIA) fee: gasoline $0.0611/gal; diesel $0.03/gal. Motor Fuel Tax Assessment (MFTA) applies to gasoline only: $0.1340/gal."
Virginia;0,298;0,093;0,391;0,575;;0,308;0,094;0,402;0,646;;Storage tank fee: $0.006/gal. The Motor Vehicle Fuels Sales Tax (MVFST) (aka, Wholesale Sales Tax (WH)) rates: gasoline $0.087/gal, diesel $0.088/gal. 
Washington[4] ;0,494;0,0342;0,5282;0,7122;;0,494;0,0342;0,5282;0,7722;;"Oil Spill Administration Tax: $0.04 per barrel ($0.0009523/gal). Oil Spill Response tax: $0.01/bbl ($0.000238/gal). Hazardous Substance tax on petroleum products that can be measured on per-barrel basis: $1.40/bbl ($0.033/gal).  ""Border Zone Area Motor Fuel Tax"" $0.01/gal in counties bordering Canada. Petroleum Products Tax (PPT) reinstated as of 1/1/20: rate is based on the wholesale value of the petroleum product multiplied by .0015. "
West Virginia ;0,205;0,152;0,357;0,541;;0,205;0,152;0,357;0,601;;Excise tax $0.205/gal, Consumers Sales and Service Tax: $0.1520/gal. 
Wisconsin ;0,309;0,02;0,329;0,513;;0,309;0,02;0,329;0,573;;Petroleum Inspection fee: $0.02/gal. 
Wyoming ;0,23;0,01;0,24;0,424;;0,23;0,01;0,24;0,484;;License Tax: $0.01/gal.  
American Samoa;0,35;;0,35;;;0,315;0,035;0,35;;;Not subject to federal excise. 
Guam;0,15;0,04;0,19;;;0,14;0,04;0,18;;;Not subject to federal excise. Automotive Surcharge (gasoline): $0.04/gal.  Mass Transit Automotive Surcharge (diesel): $0.04/gal. Excise taxes, Automotive surcharge, and Mass Transit Automotive Surcharge on liquid fuel suspended for 180 days, effective 6/21/2022.
Northern Mariana Islands;0,15;;0,15;;;0,15;;0,15;;;Not subject to federal excise. 
Puerto Rico;0,16;0,369;0,529;;;0,04;0,22;0,26;;;Finished gasoline is subject to an additional $15.50/bbl ($0.369/gal) in taxes. Diesel fuel is also subject to an additional $9.25/bbl ($0.220/gal) in taxes.  See 13 L.P.R.A. § 31626, 13 L.P.R.A. § 31627, and 13 L.P.R.A. § 31627a. Not subject to federal excise. Gasoline and diesel fuel excise taxes suspended for 45 days, effective 6/14/2022.
U.S. Virgin Islands;0,14;;0,14;;;0,14;;0,14;;;Not subject to federal excise. 
1 This list includes rates of general application (including, but not limited to, excise taxes, environmental taxes, special taxes, and inspection fees), exclusive of county and local taxes. Rates are also exclusive of any state taxes based on gross or net receipts. The information included in this document is for general informational purposes only and should not be construed as legal, tax, or other advice. Contact the appropriate state agencies for official information or guidance about motor fuel taxes and fees. State rates in effect as of January 1, 2024. Sources: State and Territorial statutes and government agencies. ;;;;;;;;;;;
2 May include sales and/or use taxes, inspection fees, environmental fees, or other charges.;;;;;;;;;;;
3 Average of Total State taxes may not equal the sum due to rounding. ;;;;;;;;;;;
4 Local option taxes (LOTS) are allowed.;;;;;;;;;;;
5 The State of Alaska suspended its motor fuels taxes on all fuel types and uses for a period of one year beginning September 1, 2008 and ending August 31, 2009.;;;;;;;;;;;
Notes: Entries in blue indicate a change from the last edition of this table.;;;;;;;;;;;
